{
  "clusters": {
    "0": {
      "centroid": {
        "x":-0.0770744,
        "y":0.086258,
        "z":0.762783
      },
      "model_id": 18721
    },
    "1": {
      "centroid": {
        "x":0.20875,
        "y":-0.0623391,
        "z":0.893945
      },
      "model_id": 19007
    },
    "2": {
      "centroid": {
        "x":0.308425,
        "y":0.0268803,
        "z":0.703842
      },
      "model_id": 19018
    },
    "3": {
      "centroid": {
        "x":-0.0173492,
        "y":-0.0979314,
        "z":0.832519
      },
      "model_id": 19012
    },
    "4": {
      "centroid": {
        "x":-0.249701,
        "y":-0.121472,
        "z":1.00428
      },
      "model_id": 19021
    }
  }
}