{
  "clusters": {
    "0": {
      "centroid": {
        "x": -0.0767491,
        "y": 0.0838779,
        "z": 0.763396
      },
      "model_id": 18721
    },
    "1": {
      "centroid": {
        "x": 0.207742,
        "y": -0.0617866,
        "z": 0.893215
      },
      "model_id": 19007
    },
    "2": {
      "centroid": {
        "x": -0.016846,
        "y": -0.0979363,
        "z": 0.832045
      },
      "model_id": 19012
    },
    "3": {
      "centroid": {
        "x": 0.0680132,
        "y": -0.167486,
        "z": 0.998105
      },
      "model_id": 19018
    },
    "4": {
      "centroid": {
        "x": -0.249163,
        "y": -0.121297,
        "z": 1.00411
      },
      "model_id": 19021
    }
  }
}