{
  "clusters": {
    "0": {
      "centroid": {
        "x": -0.280364,
        "y": 0.0129735,
        "z": 0.875815
      },
      "model_id": 18721
    },
    "1": {
      "centroid": {
        "x": 0.209333,
        "y": -0.0619339,
        "z": 0.893991
      },
      "model_id": 19007
    },
    "2": {
      "centroid": {
        "x": 0.0690841,
        "y": -0.16714,
        "z": 0.997723
      },
      "model_id": 19018
    },
    "3": {
      "centroid": {
        "x": 0.303022,
        "y": 0.0287861,
        "z": 0.643806
      },
      "model_id": 19012
    },
    "4": {
      "centroid": {
        "x": -0.258244,
        "y": -0.116056,
        "z": 0.99661
      },
      "model_id": 19021
  }
}