{
  "clusters": {
    "0": {
      "centroid": {
        "x": 0.140444,
        "y": -0.0483249,
        "z": 0.878806
      },
      "model_id": 19007
    },
    "1": {
      "centroid": {
        "x": -0.0808377,
        "y": -0.0516367,
        "z": 0.889169
      },
      "model_id": 19021
    }
  }
}