{
  "clusters": {
    "0": {
      "centroid": {
        "x": 0.335492,
        "y": 0.00476785,
        "z": 0.850406
      },
      "model_id": 18721
    },
    "1": {
      "centroid": {
        "x": 0.110346,
        "y": 0.0309234,
        "z": 0.708027
      },
      "model_id": 19018
    },
    "2": {
      "centroid": {
        "x": -0.0796767,
        "y": -0.0511404,
        "z": 0.890656
      },
      "model_id": 19021
    },
    "3": {
      "centroid": {
        "x": 0.207484,
        "y": -0.182443,
        "z": 0.946806
      },
      "model_id": 19012
    },
    "4": {
      "centroid": {
        "x": 0.11539,
        "y": -0.0816643,
        "z": 0.924682
      },
      "model_id": 19007
    }
  }
}