{
  "clusters": {
    "0": {
      "centroid": {
        "x": 0.0532858,
        "y": 0.0205459,
        "z": 0.725955
      },
      "model_id": 19018
    }
  }
}