{
  "clusters": {
    "0": {
      "centroid": {
        "x": -0.313417,
        "y": 0.0342694,
        "z": 0.85081
      },
      "model_id": 18721
    }
  }
}