{
  "clusters": {
    "0": {
      "centroid": {
        "x": 0.0300923,
        "y": 0.149762,
        "z": 0.662005
      },
      "model_id": 18721
    }
  }
}