{
  "clusters": {
    "0": {
      "centroid": {
        "x": 0.413029,
        "y": -0.0791522,
        "z": 0.967018
      },
      "model_id": 18721
    }
  }
}