{
  "clusters": {
    "0": {
      "centroid": {
        "x": 0.0324739,
        "y": -0.0231576,
        "z": 0.912825

      },
      "model_id": 18721
    },
    "1": {
      "centroid": {
        "x":0.0148041,
        "y":-0.0572757,
        "z":0.841631

      },
      "model_id": 19018
    }
  }
}