{
  "clusters": {
    "0": {
      "centroid": {
        "x": 0.128752,
        "y": 0.0560633,
        "z": 0.792297
      },
      "model_id": 18721
    },
    "1": {
      "centroid": {
        "x": 0.183568,
        "y": -0.110738,
        "z": 0.844594
      },
      "model_id": 19012
    },
    "2": {
      "centroid": {
        "x": 0.0142382,
        "y": -0.0596464,
        "z": 0.840941
      },
      "model_id": 19018
    }
  }
}