{
  "clusters": {
    "0": {
      "centroid": {
        "x": 0.129866,
        "y": 0.0586274,
        "z": 0.792186
      },
      "model_id": 18721
    },
    "1": {
      "centroid": {
        "x": -0.225497,
        "y": 0.0911205,
        "z": 0.705242
      },
      "model_id": 19007
    },
    "2": {
      "centroid": {
        "x": 0.184545,
        "y": -0.107773,
        "z": 0.845826
      },
      "model_id": 19012
    },
    "3": {
      "centroid": {
        "x": -0.0117902,
        "y": -0.0630864,
        "z": 0.851255
      },
      "model_id": 19018
    },
    "4": {
      "centroid": {
        "x": -0.256633,
        "y": -0.074744,
        "z": 0.939472
      },
      "model_id": 19021
    }
  }
}