{
  "clusters": {
    "0": {
      "centroid": {
        "x": 0.128912,
        "y": 0.0590828,
        "z": 0.791478
      },
      "model_id": 18721
    },
    "1": {
      "centroid": {
        "x": 0.184664,
        "y": -0.11117,
        "z": 0.844339
      },
      "model_id": 19012
    },
    "2": {
      "centroid": {
        "x": -0.0118237,
        "y": -0.063098,
        "z": 0.852259
      },
      "model_id": 19018
    },
    "3": {
      "centroid": {
        "x": 0.362645,
        "y": 0.0524159,
        "z": 0.735418
      },
      "model_id": 19007
    },
    "4": {
      "centroid": {
        "x": -0.256535,
        "y": -0.0748571,
        "z": 0.940635
      },
      "model_id": 19021
    }
  }
}