{
  "clusters": {
    "0": {
      "centroid": {
        "x": 0.00912756,
        "y": -0.0866585,
        "z": 1.00731
      },
      "model_id": 18721
    },
    "1": {
      "centroid": {
        "x": -0.337878,
        "y": 0.00371134,
        "z": 0.783981
      },
      "model_id": 19018
    },
    "2": {
      "centroid": {
        "x": 0.185046,
        "y": -0.107765,
        "z": 0.845186
      },
      "model_id": 19012
    },
    "3": {
      "centroid": {
        "x": 0.361942,
        "y": 0.0527998,
        "z": 0.735392
      },
      "model_id": 19007
    },
    "4": {
      "centroid": {
        "x": -0.251128,
        "y": -0.0542313,
        "z": 0.912526
      },
      "model_id": 19021
    }
  }
}