{
  "clusters": {
    "0": {
      "centroid": {
        "x": 0.00924506,
        "y": -0.0871372,
        "z": 1.00826
      },
      "model_id": 18721
    },
    "1": {
      "centroid": {
        "x": 0.185801,
        "y": 0.0509914,
        "z": 0.744963
      },
      "model_id": 19007
    },
    "2": {
      "centroid": {
        "x": -0.163142,
        "y": 0.0560189,
        "z": 0.700134
      },
      "model_id": 19018
    },
    "3": {
      "centroid": {
        "x": 0.282977,
        "y": -0.157739,
        "z": 0.913485
      },
      "model_id": 19012
    },
    "4": {
      "centroid": {
        "x": -0.11869,
        "y": -0.00780835,
        "z": 0.834571
      },
      "model_id": 19021
    }
  }
}