{
  "clusters": {
    "0": {
      "centroid": {
        "x": 0.00890031,
        "y": -0.0865105,
        "z": 1.00773
      },
      "model_id": 18721
    },
    "1": {
      "centroid": {
        "x": 0.187141,
        "y": 0.0508893,
        "z": 0.744173
      },
      "model_id": 19007
    },
    "2": {
      "centroid": {
        "x": -0.163751,
        "y": 0.0563983,
        "z": 0.70036
      },
      "model_id": 19018
    },
    "3": {
      "centroid": {
        "x": 0.319355,
        "y": -0.0710064,
        "z": 0.772401
      },
      "model_id": 19012
    },
    "4": {
      "centroid": {
        "x": -0.00332619,
        "y": -0.0786012,
        "z": 0.929608
      },
      "model_id": 19021
    }
  }
}