{
  "clusters": {
    "0": {
      "centroid": {
        "x": 0.16245,
        "y": 0.0485939,
        "z": 0.747248
      },
      "model_id": 19007
    },
    "1": {
      "centroid": {
        "x": 0.16618,
        "y": -0.0567555,
        "z": 0.95241
      },
      "model_id": 18721
    },
    "2": {
      "centroid": {
        "x": -0.261291,
        "y": -0.029701,
        "z": 0.833745
      },
      "model_id": 19018
    },
    "3": {
      "centroid": {
        "x": 0.319805,
        "y": -0.0706537,
        "z": 0.771349
      },
      "model_id": 19012
    },
    "4": {
      "centroid": {
        "x": -0.102946,
        "y": -0.0111201,
        "z": 0.838476
      },
      "model_id": 19021
    }
  }
}