{
  "clusters": {
    "0": {
      "centroid": {
        "x": 0.00403107,
        "y": -0.0940539,
        "z": 1.01793
      },
      "model_id": 18721
    },
    "1": {
      "centroid": {
        "x": 0.304284,
        "y": -0.00434347,
        "z": 0.762435
      },
      "model_id": 19018
    },
    "2": {
      "centroid": {
        "x": -0.163474,
        "y": -0.00598747,
        "z": 0.83634
      },
      "model_id": 19021
    }
  }
}