{
  "clusters": {
    "0": {
      "centroid": {
        "x": 0.0937618,
        "y": -0.107191,
        "z": 1.03171
      },
      "model_id": 18721
    },
    "1": {
      "centroid": {
        "x": 0.230989,
        "y": -0.0322543,
        "z": 0.799267
      },
      "model_id": 19018
    },
    "2": {
      "centroid": {
        "x": -0.163473,
        "y": -0.00571419,
        "z": 0.836793
      },
      "model_id": 19021
    },
    "3": {
      "centroid": {
        "x": 0.349375,
        "y": -0.103582,
        "z": 0.94069
      },
      "model_id": 19007
    }
  }
}