{
  "clusters": {
    "0": {
      "centroid": {
        "x": 0.0923352,
        "y": -0.109211,
        "z": 1.03238
      },
      "model_id": 18721
    },
    "1": {
      "centroid": {
        "x": 0.328287,
        "y": -0.0938492,
        "z": 0.936404
      },
      "model_id": 19007
    },
    "2": {
      "centroid": {
        "x": 0.126621,
        "y": 0.0473462,
        "z": 0.74997
      },
      "model_id": 19018
    },
    "3": {
      "centroid": {
        "x": -0.164179,
        "y": -0.00624756,
        "z": 0.83735
      },
      "model_id": 19021
    }
  }
}