{
  "clusters": {
    "0": {
      "centroid": {
        "x": -0.028252,
        "y": -0.0931849,
        "z": 1.01706
      },
      "model_id": 18721
    },
    "1": {
      "centroid": {
        "x": 0.327233,
        "y": -0.0943094,
        "z": 0.935661
      },
      "model_id": 19007
    },
    "2": {
      "centroid": {
        "x": -0.223117,
        "y": -0.014842,
        "z": 0.854897
      },
      "model_id": 19021
    },
    "3": {
      "centroid": {
        "x": -0.203882,
        "y": -0.116317,
        "z": 0.940968
      },
      "model_id": 19018
    }
  }
}