{
  "clusters": {
    "0": {
      "centroid": {
        "x": 0.109289,
        "y": -0.0395086,
        "z": 0.935175
      },
      "model_id": 18721
    },
    "1": {
      "centroid": {
        "x": 0.3286,
        "y": -0.0945128,
        "z": 0.935734
      },
      "model_id": 19007
    },
    "2": {
      "centroid": {
        "x": -0.30352,
        "y": 0.00128431,
        "z": 0.711367
      },
      "model_id": 19012
    },
    "3": {
      "centroid": {
        "x": -0.0769677,
        "y": 0.0674451,
        "z": 0.735233
      },
      "model_id": 19021
    }
  }
}