{
  "clusters": {
    "0": {
      "centroid": {
        "x": -0.0563219,
        "y": 0.0596707,
        "z": 0.802745
      },
      "model_id": 18721
    },
    "1": {
      "centroid": {
        "x": 0.328966,
        "y": -0.0978157,
        "z": 0.938693
      },
      "model_id": 19007
    },
    "2": {
      "centroid": {
        "x": 0.289312,
        "y": 0.0170453,
        "z": 0.780317
      },
      "model_id": 19021
    },
    "3": {
      "centroid": {
        "x": -0.0196643,
        "y": -0.0941557,
        "z": 0.865985
      },
      "model_id": 19012
    }
  }
}