{
  "clusters": {
    "0": {
      "centroid": {
        "x": 0.125828,
        "y": -0.0790848,
        "z": 0.917693
      },
      "model_id": 19021
    },
    "1": {
      "centroid": {
        "x": 0.264688,
        "y": -0.092452,
        "z": 0.936026
      },
      "model_id": 19007
    },
    "2": {
      "centroid": {
        "x": 0.0282357,
        "y": -0.105209,
        "z": 0.874059
      },
      "model_id": 19012
    },
    "3": {
      "centroid": {
        "x": -0.124564,
        "y": -0.0448615,
        "z": 0.958727
      },
      "model_id": 18721
    }
  }
}