{
  "clusters": {
    "0": {
      "centroid": {
        "x": -0.174061,
        "y": -0.0439581,
        "z": 0.952906
      },
      "model_id": 18721
    },
    "1": {
      "centroid": {
        "x": 0.0795431,
        "y": -0.0801941,
        "z": 0.917255
      },
      "model_id": 19021
    },
    "2": {
      "centroid": {
        "x":0.216853,
        "y":-0.104683,
        "z":0.951095
      },
      "model_id": 19007
    },
    "3": {
      "centroid": {
        "x":-0.0164178,
        "y":-0.0966301,
        "z":0.866125
      },
      "model_id": 19012
    }

  }
}