{
  "clusters": {
    "0": {
      "centroid": {
        "x": 0.0390308,
        "y": 0.00101317,
        "z": 0.756377
      },
      "model_id": 19018
    },
    "1": {
      "centroid": {
        "x": 0.0242932,
        "y": -0.131892,
        "z": 0.833468
      },
      "model_id": 19012
    }
  }
}