{
  "clusters": {
    "0": {
      "centroid": {
        "x": 0.0391464,
        "y": 0.00123173,
        "z": 0.756371
      },
      "model_id": 19018
    },
    "1": {
      "centroid": {
        "x": 0.213517,
        "y": -0.0155233,
        "z": 0.825203
      },
      "model_id": 19007
    },
    "2": {
      "centroid": {
        "x": 0.206082,
        "y": -0.0790534,
        "z": 0.765548
      },
      "model_id": 19012
    }
  }
}