{
  "clusters": {
    "0": {
      "centroid": {
        "x": 0.210649,
        "y": -0.0398972,
        "z": 0.80123
      },
      "model_id": 19018
    },
    "1": {
      "centroid": {
        "x": 0.0367464,
        "y": -0.0471547,
        "z": 0.772887
      },
      "model_id": 19012
    },
    "2": {
      "centroid": {
        "x": 0.219984,
        "y": -0.0263114,
        "z": 0.847887
      },
      "model_id": 19007
    },
    "3": {
      "centroid": {
        "x": 0.03848,
        "y": -0.0151555,
        "z": 0.831986
      },
      "model_id": 19021
    }
  }
}