{
  "clusters": {
    "0": {
      "centroid": {
        "x": -0.00986051,
        "y": 0.088309,
        "z": 0.759937
      },
      "model_id": 18721
    },
    "1": {
      "centroid": {
        "x": 0.220267,
        "y": -0.0266053,
        "z": 0.848217
      },
      "model_id": 19007
    },
    "2": {
      "centroid": {
        "x": 0.0038841,
        "y": -0.0741434,
        "z": 0.918954
      },
      "model_id": 19021
    },
    "3": {
      "centroid": {
        "x": 0.0167578,
        "y": 0.0489656,
        "z": 0.693182
      },
      "model_id": 19018
    }
  }
}