{
  "clusters": {
    "0": {
      "centroid": {
        "x": 0.120838,
        "y": 0.105147,
        "z": 0.665154
      },
      "model_id": 19021
    },
    "1": {
      "centroid": {
        "x": -0.107455,
        "y": 0.115516,
        "z": 0.600756
      },
      "model_id": 19018
    },
    "2": {
      "centroid": {
        "x": 0.356634,
        "y": -0.155059,
        "z": 1.02027
      },
      "model_id": 19007
    },
    "3": {
      "centroid": {
        "x": -0.315353,
        "y": 0.1137,
        "z": 0.624539
      },
      "model_id": 19012
    }
  }
}