{
  "clusters": {
    "0": {
      "centroid": {
        "x": -0.0521637,
        "y": -0.0686556,
        "z": 0.986761
      },
      "model_id": 18721
    },
    "1": {
      "centroid": {
        "x": 0.190257,
        "y": 0.00774046,
        "z": 0.802809
      },
      "model_id": 19007
    },
    "2": {
      "centroid": {
        "x": -0.099632,
        "y": 0.0653415,
        "z": 0.675853
      },
      "model_id": 19018
    },
    "3": {
      "centroid": {
        "x": -0.181887,
        "y": 0.018336,
        "z": 0.795585
      },
      "model_id": 19021
    },
    "4": {
      "centroid": {
        "x": 0.174067,
        "y": -0.0232592,
        "z": 0.714904
      },
      "model_id": 19012
    }
  }
}