{
  "clusters": {
    "0": {
      "centroid": {
        "x": -0.0272544,
        "y": -0.0523513,
        "z": 0.961703
      },
      "model_id": 18721
    },
    "1": {
      "centroid": {
        "x": 0.0520006,
        "y": 0.0464763,
        "z": 0.75229
      },
      "model_id": 19007
    },
    "2": {
      "centroid": {
        "x": 0.242089,
        "y": 0.0689257,
        "z": 0.711125
      },
      "model_id": 19021
    },
    "3": {
      "centroid": {
        "x": -0.0989908,
        "y": 0.0650881,
        "z": 0.676058
      },
      "model_id": 19018
    },
    "4": {
      "centroid": {
        "x": 0.170047,
        "y": -0.0358286,
        "z": 0.743067
      },
      "model_id": 19012
    }
  }
}