{
  "clusters": {
    "0": {
      "centroid": {
        "x": 0.0040116,
        "y": -0.0652699,
        "z": 0.976677
      },
      "model_id": 18721
    },
    "1": {
      "centroid": {
        "x": 0.282355,
        "y": 0.00963656,
        "z": 0.793424
      },
      "model_id": 19007
    },
    "2": {
      "centroid": {
        "x": -0.229563,
        "y": 0.0680672,
        "z": 0.690881
      },
      "model_id": 19018
    },
    "3": {
      "centroid": {
        "x": -0.263053,
        "y": -0.027174,
        "z": 0.873743
      },
      "model_id": 19021
    }
  }
}