{
  "clusters": {
    "0": {
      "centroid": {
        "x": 0.331409,
        "y": -0.00558995,
        "z": 0.810814
      },
      "model_id": 19007
    },
    "1": {
      "centroid": {
        "x": 0.166948,
        "y": -0.104948,
        "z": 1.02378
      },
      "model_id": 18721
    },
    "2": {
      "centroid": {
        "x": 0.0177767,
        "y": -0.0150699,
        "z": 0.697417
      },
      "model_id": 19012
    },
    "3": {
      "centroid": {
        "x": -0.152876,
        "y": -0.13837,
        "z": 0.97959
      },
      "model_id": 19018
    },
    "4": {
      "centroid": {
        "x": -0.218088,
        "y": -0.0178514,
        "z": 0.858816
      },
      "model_id": 19021
    }
  }
}