{
  "clusters": {
    "0": {
      "centroid": {
        "x": -0.0687281,
        "y": -0.0840331,
        "z": 1.00835
      },
      "model_id": 18721
    },
    "1": {
      "centroid": {
        "x": 0.17306,
        "y": -0.0825435,
        "z": 0.880073
      },
      "model_id": 19018
    },
    "2": {
      "centroid": {
        "x": -0.216861,
        "y": -0.0178914,
        "z": 0.858815
      },
      "model_id": 19021
    }
  }
}