{
  "clusters": {
    "0": {
      "centroid": {
        "x": 0.0428124,
        "y": -0.0314546,
        "z": 0.926466
      },
      "model_id": 18721
    },
    "1": {
      "centroid": {
        "x": 0.0467183,
        "y": -0.0572137,
        "z": 0.895968
      },
      "model_id": 19007
    },
    "2": {
      "centroid": {
        "x": 0.0416145,
        "y": -0.0609182,
        "z": 0.845071
      },
      "model_id": 19018
    }
  }
}