{
  "clusters": {
    "0": {
      "centroid": {
        "x": -0.00505544,
        "y": -0.0292925,
        "z": 0.734495
      },
      "model_id": 19012
    },
    "1": {
      "centroid": {
        "x": 0.0552361,
        "y": -0.0619104,
        "z": 0.844021
      },
      "model_id": 19018
    }
  }
}