{
  "clusters": {
    "0": {
      "centroid": {
        "x": -0.00505786,
        "y": -0.0274659,
        "z": 0.735443
      },
      "model_id": 19012
    },
    "1": {
      "centroid": {
        "x": 0.0548767,
        "y": -0.0614925,
        "z": 0.843926
      },
      "model_id": 19018
    },
    "2": {
      "centroid": {
        "x": -0.112423,
        "y": -0.103882,
        "z": 0.970134
      },
      "model_id": 19021
    }
  }
}