{
  "clusters": {
    "0": {
      "centroid": {
        "x": 0.118546,
        "y": -0.0573898,
        "z": 0.961618
      },
      "model_id": 18721
    },
    "1": {
      "centroid": {
        "x": -0.00460772,
        "y": -0.0286093,
        "z": 0.734851
      },
      "model_id": 19012
    },
    "2": {
      "centroid": {
        "x": -0.112843,
        "y": -0.105056,
        "z": 0.971296
      },
      "model_id": 19021
    }
  }
}