{
  "clusters": {
    "0": {
      "centroid": {
        "x": 0.0912598,
        "y": -0.0573107,
        "z": 0.960375
      },
      "model_id": 18721
    },
    "1": {
      "centroid": {
        "x": -0.161788,
        "y": -0.0638918,
        "z": 0.875789
      },
      "model_id": 19018
    },
    "2": {
      "centroid": {
        "x": -0.112465,
        "y": -0.140346,
        "z": 1.0211
      },
      "model_id": 19021
    }
  }
}