{
  "clusters": {
    "0": {
      "centroid": {
        "x": 0.0805851,
        "y": -0.0632235,
        "z": 0.973414
      },
      "model_id": 18721
    },
    "1": {
      "centroid": {
        "x": -0.00878081,
        "y": 0.00902457,
        "z": 0.746932
      },
      "model_id": 19018
    },
    "2": {
      "centroid": {
        "x": 0.156326,
        "y": -0.0260195,
        "z": 0.734352
      },
      "model_id": 19012
    },
    "3": {
      "centroid": {
        "x": -0.12337,
        "y": -0.132681,
        "z": 1.01351
      },
      "model_id": 19021
    }
  }
}