{
  "clusters": {
    "0": {
      "centroid": {
        "x": 0.103821,
        "y": -0.0675616,
        "z": 0.975555
      },
      "model_id": 18721
    },
    "1": {
      "centroid": {
        "x": -0.00875243,
        "y": 0.00942212,
        "z": 0.747047
      },
      "model_id": 19018
    },
    "2": {
      "centroid": {
        "x": 0.152904,
        "y": 0.0198621,
        "z": 0.777931
      },
      "model_id": 19021
    }
  }
}