{
  "clusters": {
    "0": {
      "centroid": {
        "x": 0.106489,
        "y": -0.0651269,
        "z": 0.973837
      },
      "model_id": 18721
    },
    "1": {
      "centroid": {
        "x": 0.0553612,
        "y": 0.0581833,
        "z": 0.67578
      },
      "model_id": 19018
    },
    "2": {
      "centroid": {
        "x": 0.183261,
        "y": 0.0215093,
        "z": 0.777047
      },
      "model_id": 19021
    },
    "3": {
      "centroid": {
        "x": -0.0225123,
        "y": -0.0327609,
        "z": 0.729906
      },
      "model_id": 19012
    }
  }
}