{
  "clusters": {
    "0": {
      "centroid": {
        "x": 0.100701,
        "y": -0.0627783,
        "z": 0.968216
      },
      "model_id": 18721
    },
    "1": {
      "centroid": {
        "x": -0.0612838,
        "y": 0.01203,
        "z": 0.810757
      },
      "model_id": 19007
    },
    "2": {
      "centroid": {
        "x": 0.0555661,
        "y": 0.0566803,
        "z": 0.675343
      },
      "model_id": 19018
    }
  }
}