{
  "clusters": {
    "0": {
      "centroid": {
        "x": 0.101234,
        "y": -0.0622867,
        "z": 0.967254
      },
      "model_id": 18721
    },
    "1": {
      "centroid": {
        "x": -0.0616826,
        "y": 0.0118937,
        "z": 0.810635
      },
      "model_id": 19007
    },
    "2": {
      "centroid": {
        "x": 0.0557148,
        "y": 0.0571323,
        "z": 0.675333
      },
      "model_id": 19018
    },
    "3": {
      "centroid": {
        "x": -0.100005,
        "y": -0.119171,
        "z": 0.84345
      },
      "model_id": 19012
    }
  }
}