{
  "clusters": {
    "0": {
      "centroid": {
        "x": 0.131255,
        "y": -0.0652248,
        "z": 0.96944
      },
      "model_id": 18721
    },
    "1": {
      "centroid": {
        "x": -0.00773953,
        "y": 0.0793274,
        "z": 0.655284
      },
      "model_id": 19018
    },
    "2": {
      "centroid": {
        "x": -0.082028,
        "y": -0.0849489,
        "z": 0.823981
      },
      "model_id": 19012
    },
    "3": {
      "centroid": {
        "x": 0.0880767,
        "y": 0.0283523,
        "z": 0.769
      },
      "model_id": 19021
    }
  }
}