{
  "clusters": {
    "0": {
      "centroid": {
        "x": 0.0193516,
        "y": -0.108001,
        "z": 0.96856
      },
      "model_id": 19007
    },
    "1": {
      "centroid": {
        "x": 0.282882,
        "y": 0.00470819,
        "z": 0.738899
      },
      "model_id": 19018
    },
    "2": {
      "centroid": {
        "x": -0.0815231,
        "y": -0.0855782,
        "z": 0.824046
      },
      "model_id": 19012
    },
    "3": {
      "centroid": {
        "x": 0.271204,
        "y": -0.0636807,
        "z": 0.887546
      },
      "model_id": 19021
    }
  }
}