{
  "clusters": {
    "0": {
      "centroid": {
        "x": -0.0112282,
        "y": -0.0824999,
        "z": 0.935742
      },
      "model_id": 19007
    },
    "1": {
      "centroid": {
        "x": 0.280775,
        "y": 0.00285826,
        "z": 0.738364
      },
      "model_id": 19018
    },
    "2": {
      "centroid": {
        "x": -0.182042,
        "y": -0.138639,
        "z": 1.0953
      },
      "model_id": 18721
    },
    "3": {
      "centroid": {
        "x": 0.270216,
        "y": -0.0635701,
        "z": 0.88711
      },
      "model_id": 19021
    }
  }
}