{
  "clusters": {
    "0": {
      "centroid": {
        "x": -0.011325,
        "y": -0.0821026,
        "z": 0.935185
      },
      "model_id": 19007
    },
    "1": {
      "centroid": {
        "x": -0.176018,
        "y": -0.147681,
        "z": 1.10592
      },
      "model_id": 18721
    },
    "2": {
      "centroid": {
        "x": 0.16443,
        "y": -0.0414558,
        "z": 0.763427
      },
      "model_id": 19012
    },
    "3": {
      "centroid": {
        "x": 0.265427,
        "y": -0.0550633,
        "z": 0.879734
      },
      "model_id": 19021
    }
  }
}