{
  "clusters": {
    "0": {
      "centroid": {
        "x": 0.0186839,
        "y": -0.0107662,
        "z": 0.714305
      },
      "model_id": 19012
    },
    "1": {
      "centroid": {
        "x": 0.150948,
        "y": -0.0365423,
        "z": 0.806001
      },
      "model_id": 19018
    },
    "2": {
      "centroid": {
        "x": -0.172116,
        "y": -0.0278716,
        "z": 0.821764
      },
      "model_id": 19018
    },
    "3": {
      "centroid": {
        "x": -0.0657924,
        "y": -0.0774417,
        "z": 0.922605
      },
      "model_id": 19007
    }
  }
}