{
  "clusters": {
    "0": {
      "centroid": {
        "x": -0.00278132,
        "y": -0.0857472,
        "z": 0.940354
      },
      "model_id": 19007
    },
    "1": {
      "centroid": {
        "x": -0.200821,
        "y": 4.34334e-05,
        "z": 0.783671
      },
      "model_id": 19018
    },
    "2": {
      "centroid": {
        "x": -0.0763419,
        "y": -0.0104021,
        "z": 0.782985
      },
      "model_id": 19018
    },
    "3": {
      "centroid": {
        "x": -0.15577,
        "y": -0.10408,
        "z": 0.834776
      },
      "model_id": 19012
    }
  }
}