{
  "clusters": {
    "0": {
      "centroid": {
        "x": -0.200668,
        "y": -0.000273419,
        "z": 0.783467
      },
      "model_id": 19018
    },
    "1": {
      "centroid": {
        "x": -0.0592897,
        "y": -0.00694438,
        "z": 0.775512
      },
      "model_id": 19018
    },
    "2": {
      "centroid": {
        "x": -0.153798,
        "y": -0.0986075,
        "z": 0.838973
      },
      "model_id": 19012
    }
  }
}