{
  "clusters": {
    "0": {
      "centroid": {
        "x": 0.319159,
        "y": 0.0154202,
        "z": 0.782309
      },
      "model_id": 19007
    },
    "1": {
      "centroid": {
        "x": -0.201078,
        "y": 9.2303e-05,
        "z": 0.783138
      },
      "model_id": 19018
    },
    "2": {
      "centroid": {
        "x": 0.0630921,
        "y": -0.0833231,
        "z": 0.81446
      },
      "model_id": 19012
    },
    "3": {
      "centroid": {
        "x": -0.0589072,
        "y": -0.00710953,
        "z": 0.775299
      },
      "model_id": 19018
    },
    "4": {
      "centroid": {
        "x": -0.314872,
        "y": 0.146654,
        "z": 0.691957
      },
      "model_id": 18721
    },
    "5": {
      "centroid": {
        "x": -0.0226689,
        "y": -0.119499,
        "z": 0.984967
      },
      "model_id": 19021
    }
  }
}