{
  "clusters": {
    "0": {
      "centroid": {
        "x": 0.319644,
        "y": 0.0159415,
        "z": 0.782131
      },
      "model_id": 19007
    },
    "1": {
      "centroid": {
        "x": -0.200684,
        "y": 5.96691e-05,
        "z": 0.783222
      },
      "model_id": 19018
    },
    "2": {
      "centroid": {
        "x": 0.0626661,
        "y": -0.0841119,
        "z": 0.814944
      },
      "model_id": 19012
    },
    "3": {
      "centroid": {
        "x": -0.0595335,
        "y": -0.00659409,
        "z": 0.775589
      },
      "model_id": 19018
    },
    "4": {
      "centroid": {
        "x": -0.0231572,
        "y": -0.120644,
        "z": 0.984742
      },
      "model_id": 19021
    },
    "5": {
      "centroid": {
        "x":0.112002,
        "y":0.0815489,
        "z":0.738748
      },
      "model_id": 0
  }
}