{
  "clusters": {
    "0": {
      "centroid": {
        "x": 0.319011,
        "y": 0.0153897,
        "z": 0.781715
      },
      "model_id": 19007
    },
    "1": {
      "centroid": {
        "x": 0.253414,
        "y": -0.0938878,
        "z": 0.992225
      },
      "model_id": 18721
    },
    "2": {
      "centroid": {
        "x": -0.200992,
        "y": 0.000669847,
        "z": 0.783346
      },
      "model_id": 19018
    },
    "3": {
      "centroid": {
        "x": 0.0632045,
        "y": -0.0831759,
        "z": 0.814735
      },
      "model_id": 19012
    },
    "4": {
      "centroid": {
        "x": -0.0592022,
        "y": -0.00679534,
        "z": 0.775496
      },
      "model_id": 19018
    },
    "5": {
      "centroid": {
        "x": -0.0231806,
        "y": -0.119539,
        "z": 0.984906
      },
      "model_id": 19021
    }
  }
}