{
  "clusters": {
    "0": {
      "centroid": {
        "x": 0.254925,
        "y": -0.0921161,
        "z": 0.990494
      },
      "model_id": 18721
    },
    "1": {
      "centroid": {
        "x": -0.098504,
        "y": -0.0161236,
        "z": 0.793661
      },
      "model_id": 19018
    },
    "2": {
      "centroid": {
        "x": -0.0106644,
        "y": -0.119197,
        "z": 0.984068
      },
      "model_id": 19021
    }
  }
}