{
  "clusters": {
    "0": {
      "centroid": {
        "x": 0.0955875,
        "y": -0.0609517,
        "z": 0.898288
      },
      "model_id": 19007
    },
    "1": {
      "centroid": {
        "x": 0.247222,
        "y": -0.047892,
        "z": 0.818398
      },
      "model_id": 19018
    },
    "2": {
      "centroid": {
        "x": 0.214897,
        "y": -0.0908451,
        "z": 0.989885
      },
      "model_id": 18721
    }
  }
}