{
  "clusters": {
    "0": {
      "centroid": {
        "x": 0.0956284,
        "y": -0.060181,
        "z": 0.897666
      },
      "model_id": 19007
    },
    "1": {
      "centroid": {
        "x": 0.247221,
        "y": -0.04737,
        "z": 0.818221
      },
      "model_id": 19018
    },
    "2": {
      "centroid": {
        "x": 0.0919131,
        "y": -0.17686,
        "z": 1.05241
      },
      "model_id": 19021
    },
    "3": {
      "centroid": {
        "x": 0.215072,
        "y": -0.0909541,
        "z": 0.989732
      },
      "model_id": 18721
    }
  }
}