{
  "clusters": {
    "0": {
      "centroid": {
        "x": 0.095943,
        "y": -0.0607452,
        "z": 0.898075
      },
      "model_id": 19007
    },
    "1": {
      "centroid": {
        "x": 0.247768,
        "y": -0.0481008,
        "z": 0.818338
      },
      "model_id": 19018
    },
    "2": {
      "centroid": {
        "x": 0.279255,
        "y": -0.197431,
        "z": 0.896916
      },
      "model_id": 19012
    },
    "3": {
      "centroid": {
        "x": 0.0924219,
        "y": -0.177099,
        "z": 1.05252
      },
      "model_id": 19021
    },
    "4": {
      "centroid": {
        "x": 0.215176,
        "y": -0.0898886,
        "z": 0.989211
      },
      "model_id": 18721
    }
  }
}