{
  "clusters": {
    "0": {
      "centroid": {
        "x": 0.0307773,
        "y": -0.00952975,
        "z": 0.895994
      },
      "model_id": 18721
    },
    "1": {
      "centroid": {
        "x": -0.15639,
        "y": -0.0722822,
        "z": 0.801037
      },
      "model_id": 19012
    },
    "2": {
      "centroid": {
        "x": 0.218977,
        "y": -0.0597387,
        "z": 0.838623
      },
      "model_id": 19018
    },
    "3": {
      "centroid": {
        "x": 0.0415687,
        "y": -0.150399,
        "z": 1.02595
      },
      "model_id": 19021
    }
  }
}