{
  "clusters": {
    "0": {
      "centroid": {
        "x": -0.314554,
        "y": 0.147444,
        "z": 0.691352
      },
      "model_id": 18721
    },
    "1": {
      "centroid": {
        "x": -0.391618,
        "y": -0.184327,
        "z": 1.00131
      },
      "model_id": 19012
    },
    "2": {
      "centroid": {
        "x": 0.377684,
        "y": -0.1643,
        "z": 1.0321
      },
      "model_id": 19021
    },
    "3": {
      "centroid": {
        "x": 0.352998,
        "y": 0.0874901,
        "z": 0.666175
      },
      "model_id": 19018
    }
  }
}