{
  "clusters": {
    "0": {
      "centroid": {
        "x": -0.316623,
        "y": 0.148355,
        "z": 0.69172
      },
      "model_id": 18721
    },
    "1": {
      "centroid": {
        "x": -0.392429,
        "y": -0.185997,
        "z": 0.999656
      },
      "model_id": 19012
    },
    "2": {
      "centroid": {
        "x": 0.357697,
        "y": -0.123383,
        "z": 0.967958
      },
      "model_id": 19021
    },
    "3": {
      "centroid": {
        "x": 0.315923,
        "y": -0.208628,
        "z": 1.06179
      },
      "model_id": 19018
    }
  }
}