{
  "clusters": {
    "0": {
      "centroid": {
        "x": 0.0899368,
        "y": 0.119513,
        "z": 0.665767
      },
      "model_id": 19007
    },
    "1": {
      "centroid": {
        "x": 0.0223586,
        "y": -0.152889,
        "z": 1.10146
      },
      "model_id": 18721
    },
    "2": {
      "centroid": {
        "x": 0.0782566,
        "y": 0.00891907,
        "z": 0.720634
      },
      "model_id": 19018
    },
    "3": {
      "centroid": {
        "x": 0.0407907,
        "y": -0.0715786,
        "z": 0.91071
      },
      "model_id": 19021
    }
  }
}