{
  "clusters": {
    "0": {
      "centroid": {
        "x": 0.0898577,
        "y": 0.119958,
        "z": 0.665401
      },
      "model_id": 19007
    },
    "1": {
      "centroid": {
        "x": 0.00879948,
        "y": -0.155283,
        "z": 1.10773
      },
      "model_id": 18721
    },
    "2": {
      "centroid": {
        "x": 0.00922451,
        "y": 0.0175133,
        "z": 0.729383
      },
      "model_id": 19018
    },
    "3": {
      "centroid": {
        "x": 0.135648,
        "y": -0.0252881,
        "z": 0.732377
      },
      "model_id": 19012
    },
    "4": {
      "centroid": {
        "x": 0.059134,
        "y": -0.0700153,
        "z": 0.90033
      },
      "model_id": 19021
    }
  }
}