{
  "clusters": {
    "0": {
      "centroid": {
        "x": -0.0411046,
        "y": 0.0260501,
        "z": 0.726526
      },
      "model_id": 19018
    },
    "1": {
      "centroid": {
        "x": 0.0289666,
        "y": -0.0269257,
        "z": 0.847251
      },
      "model_id": 19021
    }
  }
}