{
  "clusters": {
    "0": {
      "centroid": {
        "x": -0.0412477,
        "y": 0.0264498,
        "z": 0.726148
      },
      "model_id": 19018
    },
    "1": {
      "centroid": {
        "x": 0.0821646,
        "y": -0.0136446,
        "z": 0.70981
      },
      "model_id": 19012
    },
    "2": {
      "centroid": {
        "x": -0.0127782,
        "y": -0.0655635,
        "z": 0.979863
      },
      "model_id": 18721
    }
  }
}