{
  "clusters": {
    "0": {
      "centroid": {
        "x": 0.296438,
        "y": -0.12542,
        "z": 1.04237
      },
      "model_id": 18721
    },
    "1": {
      "centroid": {
        "x": -0.0408946,
        "y": 0.0261149,
        "z": 0.726396
      },
      "model_id": 19018
    },
    "2": {
      "centroid": {
        "x": 0.082577,
        "y": -0.0130239,
        "z": 0.709918
      },
      "model_id": 19012
    },
    "3": {
      "centroid": {
        "x": -0.00105219,
        "y": -0.083047,
        "z": 0.931973
      },
      "model_id": 19021
    }
  }
}