{
  "clusters": {
    "0": {
      "centroid": {
        "x": 0.178382,
        "y": -0.0447899,
        "z": 0.763809
      },
      "model_id": 0
    },
    "1": {
      "centroid": {
        "x": -0.191595,
        "y": -0.0259593,
        "z": 0.868078
      },
      "model_id": 19021
    },
    "2": {
      "centroid": {
        "x": 0.0102822,
        "y": -0.062117,
        "z": 0.789687
      },
      "model_id": 19012
    },
    "3": {
      "centroid": {
        "x": -0.117785,
        "y": -0.113339,
        "z": 1.05716
      },
      "model_id": 19007
    }
  }
}