{
  "clusters": {
    "0": {
      "centroid": {
        "x": 0.265906,
        "y": -0.0462215,
        "z": 0.821154
      },
      "model_id": 19018
    },
    "1": {
      "centroid": {
        "x": 0.0821467,
        "y": -0.0135584,
        "z": 0.709442
      },
      "model_id": 19012
    },
    "2": {
      "centroid": {
        "x": 0.254271,
        "y": -0.140616,
        "z": 1.06246
      },
      "model_id": 18721
    },
    "3": {
      "centroid": {
        "x": -0.00272883,
        "y": -0.0797355,
        "z": 0.929765
      },
      "model_id": 19021
    }
  }
}