{
  "clusters": {
    "0": {
      "centroid": {
        "x": 0.264975,
        "y": -0.0470363,
        "z": 0.821964
      },
      "model_id": 19018
    },
    "1": {
      "centroid": {
        "x": -0.0163881,
        "y": -0.0782921,
        "z": 0.93448
      },
      "model_id": 19007
    },
    "2": {
      "centroid": {
        "x": 0.0829769,
        "y": -0.0156864,
        "z": 0.709302
      },
      "model_id": 19012
    },
    "3": {
      "centroid": {
        "x": 0.261367,
        "y": -0.135884,
        "z": 1.05793
      },
      "model_id": 18721
    }
  }
}