{
  "clusters": {
    "0": {
      "centroid": {
        "x": -0.122906,
        "y": -0.0925593,
        "z": 0.959299
      },
      "model_id": 19007
    },
    "1": {
      "centroid": {
        "x": 0.0194437,
        "y": -0.0190936,
        "z": 0.699998
      },
      "model_id": 19012
    },
    "2": {
      "centroid": {
        "x": 0.235071,
        "y": -0.122942,
        "z": 1.03924
      },
      "model_id": 18721
    },
    "3": {
      "centroid": {
        "x": 0.197631,
        "y": -0.0220655,
        "z": 0.785972
      },
      "model_id": 19018
    }
  }
}