{
  "clusters": {
    "0": {
      "centroid": {
        "x": 0.0642471,
        "y": -0.0129233,
        "z": 0.774974
      },
      "model_id": 19018
    },
    "1": {
      "centroid": {
        "x": -0.139457,
        "y": 0.00646046,
        "z": 0.768716
      },
      "model_id": 19018
    },
    "2": {
      "centroid": {
        "x": 0.0560858,
        "y": -0.145081,
        "z": 1.01704
      },
      "model_id": 19007
    },
    "3": {
      "centroid": {
        "x": -0.0982331,
        "y": -0.0658914,
        "z": 0.910194
      },
      "model_id": 19021
    }
  }
}