{
  "clusters": {
    "0": {
      "centroid": {
        "x": 0.113077,
        "y": -0.00263658,
        "z": 0.817852
      },
      "model_id": 19007
    },
    "1": {
      "centroid": {
        "x": -0.0993009,
        "y": 0.006953,
        "z": 0.813625
      },
      "model_id": 19021
    },
    "2": {
      "centroid": {
        "x": -0.0507744,
        "y": -0.191945,
        "z": 0.976771
      },
      "model_id": 19012
    },
    "3": {
      "centroid": {
        "x": -0.100876,
        "y": -0.105092,
        "z": 0.906532
      },
      "model_id": 19018
    },
    "4": {
      "centroid": {
        "x": 0.0915098,
        "y": -0.12645,
        "z": 0.912272
      },
      "model_id": 19018
    }
  }
}