{
  "clusters": {
    "0": {
      "centroid": {
        "x": -0.0284102,
        "y": -0.041552,
        "z": 0.825208
      },
      "model_id": 19018
    },
    "1": {
      "centroid": {
        "x": -0.0542727,
        "y": -0.207274,
        "z": 0.966183
      },
      "model_id": 19012
    },
    "2": {
      "centroid": {
        "x": -0.110317,
        "y": -0.0984964,
        "z": 0.9104
      },
      "model_id": 19018
    }
  }
}