{
  "clusters": {
    "0": {
      "centroid": {
        "x": 0.0668376,
        "y": -0.135905,
        "z": 1.07508
      },
      "model_id": 18721
    },
    "1": {
      "centroid": {
        "x": -0.0287868,
        "y": -0.0415385,
        "z": 0.824995
      },
      "model_id": 19018
    },
    "2": {
      "centroid": {
        "x": -0.110339,
        "y": -0.0993799,
        "z": 0.909643
      },
      "model_id": 19018
    }
  }
}