{
  "clusters": {
    "0": {
      "centroid": {
        "x": 0.0244604,
        "y": 0.0568216,
        "z": 0.743142
      },
      "model_id": 19007
    },
    "1": {
      "centroid": {
        "x": 0.0997377,
        "y": -0.0929743,
        "z": 0.81996
      },
      "model_id": 19012
    },
    "2": {
      "centroid": {
        "x": 0.333912,
        "y": -0.164147,
        "z": 1.02932
      },
      "model_id": 19021
    },
    "3": {
      "centroid": {
        "x": -0.0308914,
        "y": -0.0493881,
        "z": 0.810221
      },
      "model_id": 19018
    }
  }
}