{
  "clusters": {
    "0": {
      "centroid": {
        "x": 0.024841,
        "y": 0.0566528,
        "z": 0.743632
      },
      "model_id": 19007
    },
    "1": {
      "centroid": {
        "x": -0.193527,
        "y": -0.0202975,
        "z": 0.806786
      },
      "model_id": 19018
    },
    "2": {
      "centroid": {
        "x": 0.101486,
        "y": -0.0872529,
        "z": 0.822779
      },
      "model_id": 19012
    },
    "3": {
      "centroid": {
        "x": -0.287276,
        "y": -0.0925494,
        "z": 1.03156
      },
      "model_id": 18721
    },
    "4": {
      "centroid": {
        "x": 0.334801,
        "y": -0.164444,
        "z": 1.02874
      },
      "model_id": 19021
    },
    "5": {
      "centroid": {
        "x": -0.0271687,
        "y": -0.0526432,
        "z": 0.815201
      },
      "model_id": 19018
    }
  }
}