{
  "clusters": {
    "0": {
      "centroid": {
        "x": 0.311704,
        "y": 0.0269891,
        "z": 0.764406
      },
      "model_id": 19021
    },
    "1": {
      "centroid": {
        "x": -0.194053,
        "y": -0.0205616,
        "z": 0.807021
      },
      "model_id": 19018
    },
    "2": {
      "centroid": {
        "x": 0.116074,
        "y": -0.0312353,
        "z": 0.71993
      },
      "model_id": 19012
    },
    "3": {
      "centroid": {
        "x": 0.238539,
        "y": -0.0717779,
        "z": 0.912794
      },
      "model_id": 19007
    },
    "4": {
      "centroid": {
        "x": -0.0166477,
        "y": -0.106364,
        "z": 0.918442
      },
      "model_id": 19018
    },
    "5": {
      "centroid": {
        "x": -0.226751,
        "y": -0.123271,
        "z": 1.07097
      },
      "model_id": 18721
    }
  }
}