{
  "clusters": {
    "0": {
      "centroid": {
        "x": 0.140751,
        "y": -0.0187362,
        "z": 0.839689
      },
      "model_id": 19007
    },
    "1": {
      "centroid": {
        "x": 0.311432,
        "y": 0.0265789,
        "z": 0.763453
      },
      "model_id": 19021
    },
    "2": {
      "centroid": {
        "x": 0.103176,
        "y": -0.151543,
        "z": 0.976108
      },
      "model_id": 19018
    },
    "3": {
      "centroid": {
        "x": -0.0527632,
        "y": -0.0112057,
        "z": 0.784517
      },
      "model_id": 19018
    },
    "4": {
      "centroid": {
        "x": -0.0921467,
        "y": -0.141657,
        "z": 0.861796
      },
      "model_id": 19012
    }
  }
}