{
  "clusters": {
    "0": {
      "centroid": {
        "x": 0.180746,
        "y": -0.0624233,
        "z": 0.897012
      },
      "model_id": 19007
    },
    "1": {
      "centroid": {
        "x": -0.292538,
        "y": -0.0742068,
        "z": 1.00657
      },
      "model_id": 18721
    },
    "2": {
      "centroid": {
        "x": -0.153459,
        "y": 0.0111085,
        "z": 0.813244
      },
      "model_id": 19021
    },
    "3": {
      "centroid": {
        "x": 0.0991956,
        "y": -0.155083,
        "z": 0.974194
      },
      "model_id": 19018
    }
  }
}