{
  "clusters": {
    "0": {
      "centroid": {
        "x": 0.219189,
        "y": -0.0584056,
        "z": 0.890858
      },
      "model_id": 19007
    },
    "1": {
      "centroid": {
        "x": -0.307102,
        "y": -0.00174878,
        "z": 0.900927
      },
      "model_id": 18721
    },
    "2": {
      "centroid": {
        "x": -0.0522793,
        "y": -0.000512615,
        "z": 0.769586
      },
      "model_id": 19018
    },
    "3": {
      "centroid": {
        "x": 0.386848,
        "y": -0.0629473,
        "z": 0.882135
      },
      "model_id": 19021
    },
    "4": {
      "centroid": {
        "x": 0.0599115,
        "y": -0.0460284,
        "z": 0.824417
      },
      "model_id": 19018
    },
    "5": {
      "centroid": {
        "x": -0.113902,
        "y": -0.139822,
        "z": 0.872609
      },
      "model_id": 19012
    }
  }
}