{
  "clusters": {
    "0": {
      "centroid": {
        "x": 0.297081,
        "y": 0.0808035,
        "z": 0.744787
      },
      "model_id": 18721
    },
    "1": {
      "centroid": {
        "x": 0.218812,
        "y": -0.0584336,
        "z": 0.890598
      },
      "model_id": 19007
    },
    "2": {
      "centroid": {
        "x": -0.0522847,
        "y": 0.001263,
        "z": 0.770266
      },
      "model_id": 19018
    },
    "3": {
      "centroid": {
        "x": 0.0569648,
        "y": 0.0836687,
        "z": 0.693462
      },
      "model_id": 19021
    },
    "4": {
      "centroid": {
        "x": 0.0598814,
        "y": -0.0477804,
        "z": 0.823371
      },
      "model_id": 19018
    },
    "5": {
      "centroid": {
        "x": -0.114999,
        "y": -0.138342,
        "z": 0.873825
      },
      "model_id": 19012
    }
  }
}