{
  "clusters": {
    "0": {
      "centroid": {
        "x": 0.0796521,
        "y": -0.0134909,
        "z": 0.78533
      },
      "model_id": 19018
    },
    "1": {
      "centroid": {
        "x": -0.0518479,
        "y": 0.000121889,
        "z": 0.770112
      },
      "model_id": 19018
    },
    "2": {
      "centroid": {
        "x": 0.2505,
        "y": -0.0394,
        "z": 0.857242
      },
      "model_id": 19007
    },
    "3": {
      "centroid": {
        "x": 0.241503,
        "y": -0.103022,
        "z": 0.802662
      },
      "model_id": 19012
    }
  }
}