{
  "clusters": {
    "0": {
      "centroid": {
        "x": -0.00282889,
        "y": 0.0817372,
        "z": 0.76685
      },
      "model_id": 18721
    },
    "1": {
      "centroid": {
        "x": 0.279462,
        "y": 0.0306168,
        "z": 0.709684
      },
      "model_id": 19018
    },
    "2": {
      "centroid": {
        "x": 0.221358,
        "y": -0.0339715,
        "z": 0.851068
      },
      "model_id": 19021
    },
    "3": {
      "centroid": {
        "x": -0.18646,
        "y": -0.0150889,
        "z": 0.797745
      },
      "model_id": 19018
    }
  }
}