{
  "clusters": {
    "0": {
      "centroid": {
        "x": 0.234496,
        "y": 0.0418521,
        "z": 0.698402
      },
      "model_id": 19018
    },
    "1": {
      "centroid": {
        "x": -0.0981695,
        "y": -0.125999,
        "z": 1.00282
      },
      "model_id": 19007
    },
    "2": {
      "centroid": {
        "x": -0.172206,
        "y": -0.0827865,
        "z": 0.818269
      },
      "model_id": 19012
    },
    "3": {
      "centroid": {
        "x": 0.201846,
        "y": -0.0374399,
        "z": 0.854898
      },
      "model_id": 19021
    }
  }
}