{
  "clusters": {
    "0": {
      "centroid": {
        "x": -0.0362405,
        "y": -0.123281,
        "z": 1.05829
      },
      "model_id": 18721
    },
    "1": {
      "centroid": {
        "x": 0.245459,
        "y": 0.013367,
        "z": 0.737079
      },
      "model_id": 19018
    },
    "2": {
      "centroid": {
        "x": -0.168062,
        "y": -0.0298225,
        "z": 0.870954
      },
      "model_id": 19021
    }
  }
}