{
  "clusters": {
    "0": {
      "centroid": {
        "x": 0.245391,
        "y": 0.0125675,
        "z": 0.73656
      },
      "model_id": 19018
    },
    "1": {
      "centroid": {
        "x": 0.032902,
        "y": -0.0656978,
        "z": 0.787181
      },
      "model_id": 19012
    },
    "2": {
      "centroid": {
        "x": -0.0862381,
        "y": -0.114031,
        "z": 1.0535
      },
      "model_id": 18721
    },
    "3": {
      "centroid": {
        "x": -0.167626,
        "y": -0.0299687,
        "z": 0.870937
      },
      "model_id": 19021
    }
  }
}