{
  "clusters": {
    "0": {
      "centroid": {
        "x": -0.103772,
        "y": -0.0524313,
        "z": 0.791815
      },
      "model_id": 19012
    },
    "1": {
      "centroid": {
        "x": 0.0927876,
        "y": -0.0466901,
        "z": 0.948424
      },
      "model_id": 18721
    },
    "2": {
      "centroid": {
        "x": 0.112294,
        "y": 0.0809801,
        "z": 0.739195
      },
      "model_id": 18721
    }
  }
}