{
  "clusters": {
    "0": {
      "centroid": {
        "x": 0.187301,
        "y": -0.0202276,
        "z": 0.733076
      },
      "model_id": 0
    },
    "1": {
      "centroid": {
        "x": 0.0213771,
        "y": -0.0212661,
        "z": 0.711084
      },
      "model_id": 19012
    },
    "2": {
      "centroid": {
        "x": 0.104971,
        "y": -0.0446699,
        "z": 0.81699
      },
      "model_id": 19018
    }
  }
}