{
  "clusters": {
    "0": {
      "centroid": {
        "x": -0.0688938,
        "y": 0.0672307,
        "z": 0.793048
      },
      "model_id": 18721
    },
    "1": {
      "centroid": {
        "x": -0.100304,
        "y": -0.214314,
        "z": 0.968556
      },
      "model_id": 0
    },
    "2": {
      "centroid": {
        "x": -0.094898,
        "y": -0.083656,
        "z": 0.892678
      },
      "model_id": 19018
    }
  }
}