{
  "clusters": {
    "0": {
      "centroid": {
        "x": -0.0693755,
        "y": 0.0670704,
        "z": 0.793124
      },
      "model_id": 18721
    },
    "1": {
      "centroid": {
        "x": 0.0873657,
        "y": -0.0635208,
        "z": 0.789068
      },
      "model_id": 0
    },
    "2": {
      "centroid": {
        "x": -0.235031,
        "y": 0.0893306,
        "z": 0.643826
      },
      "model_id": 19018
    }
  }
}