{
  "clusters": {
    "0": {
      "centroid": {
        "x": -0.025907,
        "y": -0.0975052,
        "z": 0.844987
      },
      "model_id": 0
    },
    "1": {
      "centroid": {
        "x": 0.203393,
        "y": 0.0308684,
        "z": 0.82241
      },
      "model_id": 18721
    },
    "2": {
      "centroid": {
        "x": 0.263959,
        "y": -0.0821127,
        "z": 0.914428
      },
      "model_id": 0
    },
    "3": {
      "centroid": {
        "x": -0.121781,
        "y": -0.116105,
        "z": 0.936934
      },
      "model_id": 19018
    }
  }
}