{
  "clusters": {
    "0": {
      "centroid": {
        "x": -0.024981,
        "y": -0.0935776,
        "z": 0.847083
      },
      "model_id": 0
    },
    "1": {
      "centroid": {
        "x": -0.169038,
        "y": -0.0841318,
        "z": 0.963973
      },
      "model_id": 0
    },
    "2": {
      "centroid": {
        "x": -0.129656,
        "y": -0.182487,
        "z": 0.992802
      },
      "model_id": 19018
    }
  }
}