{
  "clusters": {
    "0": {
      "centroid": {
        "x": 0.0389559,
        "y": -0.100046,
        "z": 0.842479
      },
      "model_id": 0
    },
    "1": {
      "centroid": {
        "x": 0.147248,
        "y": 0.0127273,
        "z": 0.796409
      },
      "model_id": 19007
    },
    "2": {
      "centroid": {
        "x": -0.300894,
        "y": -0.0738952,
        "z": 1.00514
      },
      "model_id": 18721
    },
    "3": {
      "centroid": {
        "x": -0.207958,
        "y": 0.00817832,
        "z": 0.764724
      },
      "model_id": 19018
    },
    "4": {
      "centroid": {
        "x": -0.0671673,
        "y": 0.011725,
        "z": 0.821624
      },
      "model_id": 0
    },
    "5": {
      "centroid": {
        "x": -0.100499,
        "y": -0.131503,
        "z": 1.00433
      },
      "model_id": 19021
    }
  }
}