{
  "clusters": {
    "0": {
      "centroid": {
        "x": -0.0974393,
        "y": -0.0336736,
        "z": 0.757519
      },
      "model_id": 0
    },
    "1": {
      "centroid": {
        "x": -0.207928,
        "y": 0.0081825,
        "z": 0.764595
      },
      "model_id": 19018
    },
    "2": {
      "centroid": {
        "x": -0.319617,
        "y": -0.0737978,
        "z": 1.00729
      },
      "model_id": 18721
    },
    "3": {
      "centroid": {
        "x": 0.00746214,
        "y": -0.0254549,
        "z": 0.86874
      },
      "model_id": 0
    },
    "4": {
      "centroid": {
        "x": 0.109133,
        "y": -0.088389,
        "z": 0.931302
      },
      "model_id": 19021
    },
    "5": {
      "centroid": {
        "x": -0.0400919,
        "y": -0.135051,
        "z": 1.00483
      },
      "model_id": 19007
    }
  }
}