{
  "clusters": {
    "0": {
      "centroid": {
        "x": 0.0842063,
        "y": 0.0219043,
        "z": 0.675672
      },
      "model_id": 0
    },
    "1": {
      "centroid": {
        "x": -0.119986,
        "y": -0.100852,
        "z": 1.03358
      },
      "model_id": 18721
    },
    "2": {
      "centroid": {
        "x": -0.0265465,
        "y": -0.00918037,
        "z": 0.837411
      },
      "model_id": 19007
    },
    "3": {
      "centroid": {
        "x": 0.0787572,
        "y": -0.189319,
        "z": 1.05732
      },
      "model_id": 19021
    },
    "4": {
      "centroid": {
        "x": 0.169334,
        "y": -0.020938,
        "z": 0.785881
      },
      "model_id": 19018
    }
  }
}