{
  "clusters": {
    "0": {
      "centroid": {
        "x": -0.165018,
        "y": 0.0693706,
        "z": 0.572343
      },
      "model_id": 19012
    },
    "1": {
      "centroid": {
        "x": -0.11161,
        "y": 0.0425145,
        "z": 0.704499
      },
      "model_id": 19018
    },
    "2": {
      "centroid": {
        "x": -0.351605,
        "y": 0.117445,
        "z": 0.733212
      },
      "model_id": 18721
    },
    "3": {
      "centroid": {
        "x": -0.180357,
        "y": -0.0596785,
        "z": 0.918035
      },
      "model_id": 19007
    },
    "4": {
      "centroid": {
        "x": -0.338176,
        "y": -0.0681696,
        "z": 0.929204
      },
      "model_id": 19021
    }
  }
}