{
  "clusters": {
    "0": {
      "centroid": {
        "x": 0.16131,
        "y": -0.0129555,
        "z": 0.686169
      },
      "model_id": 19012
    },
    "1": {
      "centroid": {
        "x": 0.0106937,
        "y": 0.0461257,
        "z": 0.692123
      },
      "model_id": 19018
    },
    "2": {
      "centroid": {
        "x": 0.347246,
        "y": -0.035831,
        "z": 0.909877
      },
      "model_id": 18721
    },
    "3": {
      "centroid": {
        "x": 0.0869025,
        "y": -0.0131758,
        "z": 0.825346
      },
      "model_id": 19021
    }
  }
}