{
  "clusters": {
    "0": {
      "centroid": {
        "x": 0.0867668,
        "y": -0.0138053,
        "z": 0.825801
      },
      "model_id": 19021
    },
    "1": {
      "centroid": {
        "x": 0.348946,
        "y": -0.038104,
        "z": 0.912004
      },
      "model_id": 18721
    },
    "2": {
      "centroid": {
        "x":0.15965,
        "y":-0.0121489,
        "z":0.686432
      },
      "model_id": 19012
    },
    "3": {
      "centroid": {
        "x":0.0108547,
        "y":0.0457045,
        "z":0.692353
      },
      "model_id": 19018
    },
    "4": {
      "centroid": {
        "x":0.128161,
        "y":0.104225,
        "z":0.68223
      },
      "model_id": 19007
    }
  }
}