{
  "clusters": {
    "0": {
      "centroid": {
        "x": 0.0097367,
        "y": 0.028045,
        "z": 0.842474
      },
      "model_id": 18721
    },
    "1": {
      "centroid": {
        "x": 0.151109,
        "y": -0.0915953,
        "z": 0.885875
      },
      "model_id": 19018
    },
    "2": {
      "centroid": {
        "x": 0.0778852,
        "y": -0.140037,
        "z": 1.00891
      },
      "model_id": 19021
    }
  }
}