{
  "clusters": {
    "0": {
      "centroid": {
        "x": 0.307747,
        "y": -0.0771713,
        "z": 0.8009
      },
      "model_id": 0
    },
    "1": {
      "centroid": {
        "x": -0.232628,
        "y": -0.0122606,
        "z": 0.857072
      },
      "model_id": 19007
    },
    "2": {
      "centroid": {
        "x": 0.189899,
        "y": -0.0255098,
        "z": 0.789342
      },
      "model_id": 19018
    },
    "3": {
      "centroid": {
        "x": -0.331007,
        "y": -0.0991071,
        "z": 0.972526
      },
      "model_id": 19021
    },
    "4": {
      "centroid": {
        "x": 0.217601,
        "y": -0.157342,
        "z": 0.883396
      },
      "model_id": 19012
    }
  }
}