{
  "clusters": {
    "0": {
      "centroid": {
        "x": 0.307921,
        "y": -0.0792121,
        "z": 0.79959
      },
      "model_id": 0
    },
    "1": {
      "centroid": {
        "x": -0.114525,
        "y": 0.0980293,
        "z": 0.757801
      },
      "model_id": 0
    },
    "2": {
      "centroid": {
        "x": 0.0580908,
        "y": -0.0932559,
        "z": 0.940122
      },
      "model_id": 19007
    },
    "3": {
      "centroid": {
        "x": 0.190607,
        "y": -0.0259235,
        "z": 0.789307
      },
      "model_id": 19018
    },
    "4": {
      "centroid": {
        "x": 0.00552938,
        "y": 0.0132863,
        "z": 0.793583
      },
      "model_id": 19021
    },
    "5": {
      "centroid": {
        "x": 0.257475,
        "y": 0.0590927,
        "z": 0.732912
      },
      "model_id": 0
    },
    "6": {
      "centroid": {
        "x": 0.218086,
        "y": -0.162481,
        "z": 0.878968
      },
      "model_id": 19012
    },
    "7": {
      "centroid": {
        "x": -0.130628,
        "y": -0.0258209,
        "z": 0.907915
      },
      "model_id": 0
    }
  }
}